Train_Loss,Test_loss,Acceracy,Preciion,Recall
0.0158110015852435,0.010938800629228354,0.9858828487147071,0.8861733899802297,0.9980576084896722
0.015816747940261847,0.010499455777268546,0.9865226686400872,0.8911695621812642,0.997583854462763
0.01539775457655196,0.010877774774562567,0.985972783242371,0.8854955427372837,1.0
0.01547387039870955,0.010097844401801316,0.9877637651218485,0.9094407276225458,0.9853136251658139
0.015611313720728503,0.009586846151505598,0.9886297061453547,0.9098006896701295,0.9936990714421072
0.01534775885680574,0.009333838040862854,0.989058822320208,0.9153681169570166,0.9907381087739245
0.015252640226099174,0.010075130842160433,0.9886785277460866,0.9121609836923346,0.991069736592761
0.015218367129782563,0.009388496358684885,0.9889714573504774,0.9143069393462682,0.9912355505021793
0.014958855005243094,0.00966207289932451,0.9882699680346994,0.9173520739574789,0.9801733939738487
0.01518379288696451,0.010280022406368517,0.988236563781567,0.9101608473911338,0.9891984081864695
0.015099512133165263,0.009770085483517809,0.988632275703288,0.9087742828711115,0.9950966458214895
0.015184820631693583,0.009652187253135101,0.9891333395002724,0.9129650164155415,0.9946465794959257
0.014531661674845963,0.009943100489035715,0.9884703935534931,0.912059588038706,0.9890799696797423
0.014385552110616118,0.009361155389148432,0.9887761709475502,0.9208325920654687,0.9808603373128671
0.01447028209353448,0.009451214764267206,0.9885269238280247,0.9169630431421061,0.9832764828501043
0.014010899545100984,0.009076544519242209,0.9885963018922225,0.9189363023420866,0.9814525298465037
0.014546188025269658,0.008514649888966233,0.9902331102957047,0.923249818205857,0.9924673109721432
0.014022005196748068,0.008513703036102622,0.9901303279783746,0.9231821089080523,0.9915198029183248
0.013894121079938487,0.008778264211238517,0.9890691005519411,0.92285243272144,0.98126302823574
0.013897066410863771,0.008604169320024084,0.9899555980389134,0.9265907926679882,0.9854794390752322
0.014068787313735811,0.009712335307073468,0.9882751071505658,0.9167828916782892,0.980955088118249
0.014022514325770317,0.009625157202147723,0.9879539124089092,0.9183910096325366,0.9756490430168656
0.013593732433000695,0.008823538630870946,0.9895547470013258,0.9253651466161222,0.9829922304339587
0.013439626470790245,0.008393637094219836,0.9906493786808918,0.9255410682374744,0.9937464468447982
0.01403833537864557,0.009334969389310572,0.9885012282486921,0.9056514542445022,0.9979628576842903
0.013468086958309868,0.008395523501676508,0.9904309662565652,0.9356861502241137,0.9790837597119576
0.013674459866306278,0.00842708115572653,0.9903590186344341,0.9309595303186483,0.9841055523971953
0.01414578940399224,0.00891556716330039,0.989829689700184,0.9236391017407096,0.9879192723138147
0.013721151455538348,0.0098448788591971,0.9884935195748923,0.9066419550881427,0.9965415956035626
0.013821641113026998,0.008325398775438468,0.9903024883599025,0.9356922658445915,0.9778046238393027
0.013660659356537508,0.009123018945683726,0.9897448942883866,0.9208596657344813,0.9905959825658518
0.013164742457665852,0.00879834415235867,0.9894365473363963,0.9339878362679666,0.9712668182679552
0.013542030857279315,0.008701118136523292,0.989819411468451,0.9206139772177508,0.9916619291263976
0.013291500503910356,0.008488513200136367,0.9900660890300432,0.9227106388607205,0.9914724275156339
0.013545676987851038,0.009333818339218852,0.9891950088906705,0.9230683614184271,0.9822579116922494
0.013161060393540537,0.008225449434345743,0.9901251888625081,0.9179792170446376,0.998152359295054
0.012831717437074985,0.00925099296650539,0.989362030156332,0.91687833931856,0.9918514307371613
0.013889712274685734,0.010262920069120203,0.9874065965691262,0.8976364527610239,0.9976786052681448
0.013227843326312723,0.008599167421052697,0.9900224065451779,0.9200692572380389,0.9944097024824711
0.013344760420004605,0.009148736618032368,0.9897654507518526,0.9185514417708494,0.9937701345461436
0.013458133568565244,0.008190241537813564,0.9901740104632399,0.9175403488928525,0.9992183058555998
0.01302361729372933,0.007592642748786602,0.991453650314,0.9394747547800931,0.984650369528141
0.012908450380928116,0.0082881095194413,0.9911350251302766,0.9340514152633465,0.9880377108205419
0.012656479319775826,0.008560535502814067,0.9904206880248322,0.9287496658051867,0.9874455182869054
0.01292896062041109,0.008146809900354128,0.9912429465634732,0.9347748151467623,0.9882272124313056
0.01292672831346863,0.008627405004808679,0.9902870710123031,0.92375198447698,0.9923725601667615
0.01302981327586167,0.008163462371448986,0.9910527992764124,0.9307415150571594,0.9912829259048702
0.012608119117721799,0.00845092021219898,0.9902639449909038,0.9293615499787705,0.9851241235550502
0.0127123470656079,0.00807313179752479,0.9908343868520859,0.9269192532862035,0.9938648853515255
0.012720071793810349,0.009559488148661331,0.9885551889652904,0.9084674627898927,0.9947176425999621
0.013097622977438732,0.008498082798420606,0.9900378238927775,0.9189779905142832,0.9959730907712716
0.012047239475577953,0.008843824013213937,0.9895547470013258,0.9144595328625746,0.9969679742277809
0.012042536718436168,0.007791800263609427,0.9916181020217282,0.9462902708400165,0.9782546901648664
0.012763678776173038,0.008311374647698055,0.9909731429804817,0.932348801358386,0.9885114648474512
0.012393072373379254,0.007758597861296342,0.9915924064423957,0.9437961527942383,0.9809077127155581
0.012360436845410732,0.008082108785941577,0.990734174092689,0.9237083534524384,0.99692059882509
0.012121919514538605,0.008552916804716612,0.98963697285519,0.9298241664227661,0.9783020655675573
0.01290938858910522,0.007999437667216018,0.9906339613332922,0.9264910767597692,0.9923962478681069
0.012571383484028047,0.008041202331078239,0.9908472346417523,0.9246385727468471,0.996873223422399
0.012494814051169669,0.008061631746337904,0.98985024616365,0.9144391976779448,1.0
0.012388347910455195,0.008386043128072439,0.9903153361495688,0.9256471005026238,0.9902643547470154
0.01215739203238627,0.009044549120687103,0.9887504753682177,0.906039404215135,1.0
0.012095250627098722,0.007994707361697995,0.9913714244601359,0.9354130249652638,0.9887246541595603
0.01294954961304029,0.008568997521942947,0.9895727339068586,0.9154291686626312,0.9958783399658897
0.012065356297243852,0.007658813669695519,0.9910656470660788,0.9377189216062913,0.9829211673299223
0.012013408058337519,0.008159659475301548,0.9896806553400553,0.9229406554472985,0.9873033920788327
0.012852926545092487,0.008571519557735883,0.9895444687695929,0.9249983288397692,0.9833475459541406
0.01237932262600225,0.008295801429291412,0.9900892150514425,0.9230056681590614,0.9913303013075612
0.012294565596748725,0.008557677105418406,0.9899247633437144,0.9171114257706132,0.9972522266439264
0.011902688267000486,0.00793660295807058,0.9905671528270277,0.9239907600923991,0.9948834565093804
0.012387903035560158,0.007789940289512742,0.9904129793510325,0.920849463071102,0.9973469774493083
0.012206521022962989,0.007651795061537996,0.9905774310587606,0.9266440888062509,0.9916382414250521
0.012153518344057375,0.00800380411897398,0.9908112608306867,0.9280586697389994,0.9922067462573432
0.012813901963891112,0.008415783673505454,0.9901894278108394,0.9217150639195185,0.9939833238582528
0.012050908885867103,0.00919602972707556,0.988043846936573,0.9007232925814505,1.0
0.012019271867757197,0.008449395140244936,0.9905722919428941,0.9265086636128261,0.9917566799317794
0.01195063217470306,0.008727232799962318,0.9901277584204413,0.9196081004242663,0.9960678415766534
0.012213348310760921,0.008903039138628326,0.9899350415754473,0.9229036461208896,0.9899090392268334
0.012285149470699253,0.00781252858423007,0.9915127501464648,0.936783028398249,0.9884640894447603
0.012447983007514268,0.007926023336040089,0.9911915554048082,0.9257364885630242,0.9989340534394542
0.0116806883578829,0.008457557457052947,0.9911118991088773,0.9434134956410315,0.9766439264733751
0.012354952643290744,0.008097706086506756,0.9919855488061834,0.9362043958496039,0.99384119765018
0.011758074366152869,0.007115021056282179,0.9927307206068268,0.9487524211006039,0.9862611332196324
0.01216269199263479,0.007877568841795437,0.9901303279783746,0.9166033393403825,1.0
0.012222699439298594,0.008241729727208925,0.991057938392279,0.9257826239887443,0.997536479060072
0.012079326953171403,0.00763683895386445,0.9919727010165171,0.9383690679106486,0.9910934242941065
0.011229541059437907,0.007357952021605645,0.9930416371167504,0.949915729057532,0.9879429600151601
0.0118592645379249,0.0072061110598345595,0.9931752541292796,0.9455155637641335,0.9943860147811256
0.011851018815432325,0.008187908654411633,0.9912275292158736,0.9264893383161135,0.9983418609058177
0.012056999494161573,0.007909571192867589,0.9919598532268509,0.9332889923511806,0.9971574758385446
0.011626133637255407,0.00830898435631146,0.991099051319211,0.9258835941621242,0.9978207314762175
0.011634921114964527,0.00783006867490864,0.9913560071125364,0.9409388051570728,0.9819499715747584
0.01155166771975928,0.008606610115481696,0.9909859907701479,0.9297069271758437,0.9918988061398522
0.011508358731298358,0.0073554008693705935,0.9926305078474299,0.9430083314568791,0.9920172446465795
0.011540548719567596,0.008944684709082745,0.9898656635112495,0.9156205203944224,0.9986024256206177
0.011532090448672533,0.008142322729108855,0.9909962690018809,0.9243061949230567,0.9987919272313814
0.012099693774944171,0.008540990971863114,0.9909320300535496,0.9263594084066212,0.9955467121470533
0.01157852064643521,0.007521423797103731,0.9924609170238352,0.940915009203969,0.9928463141936706
0.011016387363706599,0.008610417550565519,0.991119607782677,0.9295974463557368,0.9933674436232708
0.011564325663493946,0.007863706178904977,0.991911031626119,0.9490368258930624,0.9779467500473754
0.01121474125997338,0.007217761097514691,0.9929439939152868,0.9481967659883721,0.9889852188743604
0.011531697193786385,0.008580652625435808,0.9911658598254757,0.9305413687436159,0.9926568125829069
0.012042415716568939,0.007571644546599903,0.9924943212769675,0.9463413525977419,0.9867585749478871
0.011556505941262002,0.007296892248171692,0.9923324391271726,0.9369208838203849,0.9963994693954898
0.011505282581056235,0.00692120814579539,0.9931624063396133,0.9462935800519011,0.9933437559219254
0.011336646180570824,0.007708741121847803,0.9914793458933325,0.9442059105650208,0.9793206367254121
0.011135871327496716,0.007381656824242479,0.9918390840039879,0.9368454032763405,0.9916145537237067
0.011295647030565306,0.008191977795892551,0.9910630775081455,0.9275151194102327,0.9954045859389805
0.011390708807302872,0.007803532963249988,0.991931588089585,0.9371504005011858,0.9921593708546522
0.010894263416048489,0.008518153299664846,0.9908061217148202,0.9303822847977188,0.989269471290506
